kh1,c/beta_l
1.728280182126814071e-02,1.689999999999999947e+00
1.731077372597907005e-02,1.688521303258145423e+00
1.733916951884503788e-02,1.687042606516290677e+00
1.736799887556698951e-02,1.685563909774435931e+00
1.739727176851804322e-02,1.684085213032581407e+00
1.742699847820169609e-02,1.682606516290726884e+00
1.744360902255639306e-02,1.681789379627432579e+00
1.745602376018491608e-02,1.681127819548872138e+00
1.748404462844884225e-02,1.679649122807017392e+00
1.751249170733431074e-02,1.678170426065162868e+00
1.754137476193817768e-02,1.676691729323308344e+00
1.757070385789853348e-02,1.675213032581453598e+00
1.760048937304638933e-02,1.673734335839598852e+00
1.763074200960373580e-02,1.672255639097744329e+00
1.766147280695803262e-02,1.670776942355889805e+00
1.766917293233082747e-02,1.670409486575898050e+00
1.769069629497136212e-02,1.669298245614035059e+00
1.771970839815072141e-02,1.667819548872180313e+00
1.774917081750605058e-02,1.666340852130325789e+00
1.777909408409120498e-02,1.664862155388471043e+00
1.780948905984278130e-02,1.663383458646616297e+00
1.784036695067817493e-02,1.661904761904761774e+00
1.787173932022079886e-02,1.660426065162907472e+00
1.789473684210526189e-02,1.659356322052154997e+00
1.790287430861546569e-02,1.658947368421052504e+00
1.793254635292519661e-02,1.657468671679197758e+00
1.796268550642074469e-02,1.655989974937343234e+00
1.799330285002690571e-02,1.654511278195488710e+00
1.802440981787841942e-02,1.653032581453633965e+00
1.805601821150613906e-02,1.651553884711779219e+00
1.808814021471266686e-02,1.650075187969924695e+00
1.812030075187969977e-02,1.648618355600566909e+00
1.812074808771989634e-02,1.648596491228070171e+00
1.815118142382729505e-02,1.647117794486215425e+00
1.818210136410904065e-02,1.645639097744360679e+00
1.821351963507319288e-02,1.644160401002506156e+00
1.824544834299560159e-02,1.642681704260651632e+00
1.827789998941888733e-02,1.641203007518796886e+00
1.831088748741668132e-02,1.639724310776942140e+00
1.834442417866769329e-02,1.638245614035087616e+00
1.834586466165413765e-02,1.638182516770234853e+00
1.837584580715411267e-02,1.636766917293233092e+00
1.840765885370873600e-02,1.635288220551378346e+00
1.843999349066314727e-02,1.633809523809523601e+00
1.847286261114031158e-02,1.632330827067669077e+00
1.850627953665204273e-02,1.630852130325814553e+00
1.854025803504001646e-02,1.629373433583959585e+00
1.857142857142857206e-02,1.628038157957728993e+00
1.857453892786666699e-02,1.627894736842105061e+00
1.860683247221194686e-02,1.626416040100250537e+00
1.863966101521320057e-02,1.624937343358396014e+00
1.867303792111758842e-02,1.623458646616541268e+00
1.870697700294569887e-02,1.621979949874686522e+00
1.874149254148814100e-02,1.620501253132831998e+00
1.877659930527538976e-02,1.619022556390977252e+00
1.879699248120300648e-02,1.618174266245564485e+00
1.881108729141476102e-02,1.617543859649122728e+00
1.884450114696742395e-02,1.616065162907267982e+00
1.887847973595002324e-02,1.614586466165413459e+00
1.891303745377026849e-02,1.613107769423558935e+00
1.894818918920611328e-02,1.611629072681703967e+00
1.898395034572472606e-02,1.610150375939849443e+00
1.902033686391639555e-02,1.608671679197994919e+00
1.902255639097744436e-02,1.608582120016975203e+00
1.905460718620360927e-02,1.607192982456140395e+00
1.908928611035915282e-02,1.605714285714285650e+00
1.912456390736340037e-02,1.604235588972430904e+00
1.916045617942585891e-02,1.602756892230576380e+00
1.919697907538365361e-02,1.601278195488721856e+00
1.923414931485191437e-02,1.599799498746867110e+00
1.924812030075188224e-02,1.599249612799710452e+00
1.927011660955760958e-02,1.598320802005012364e+00
1.930560053833998979e-02,1.596842105263157841e+00
1.934170613436254904e-02,1.595363408521303317e+00
1.937844983163700130e-02,1.593884711779448349e+00
1.941584864848192038e-02,1.592406015037593825e+00
1.945392021372398597e-02,1.590927318295739523e+00
1.947368421052631665e-02,1.590169174441588673e+00
1.949121310901348256e-02,1.589448621553884777e+00
1.952761412276551173e-02,1.587969924812029809e+00
1.956466296560106788e-02,1.586491228070175286e+00
1.960237703763507977e-02,1.585012531328320762e+00
1.964077436764796042e-02,1.583533834586466238e+00
1.967987364173614737e-02,1.582055137844611492e+00
1.969924812030075106e-02,1.581331423413203208e+00
1.971812962695429841e-02,1.580576441102756746e+00
1.975556878224478397e-02,1.579097744360902222e+00
1.979368568058318192e-02,1.577619047619047699e+00
1.983249884205247338e-02,1.576140350877192953e+00
1.987202746761024957e-02,1.574661654135338207e+00
1.991229147066831892e-02,1.573182957393483683e+00
1.992481203007518548e-02,1.572727925454688425e+00
1.995115249109307570e-02,1.571704260651628937e+00
1.998976160652218143e-02,1.570225563909774635e+00
2.002908259592670742e-02,1.568746867167919667e+00
2.006913527723702684e-02,1.567268170426065144e+00
2.010994021078229763e-02,1.565789473684210620e+00
2.015037593984962683e-02,1.564350953186153470e+00
2.015143331589898043e-02,1.564310776942355874e+00
2.019062679949882796e-02,1.562832080200501128e+00
2.023055052076485477e-02,1.561353383458646604e+00
2.027122502497473097e-02,1.559874686716791858e+00
2.031267163531350409e-02,1.558395989974937113e+00
2.035491249004262038e-02,1.556917293233082589e+00
2.037593984962406124e-02,1.556190706967555126e+00
2.039633797978225929e-02,1.555438596491228065e+00
2.043696326156108772e-02,1.553959899749373541e+00
2.047836147812958502e-02,1.552481203007518795e+00
2.052055484249098311e-02,1.551002506265664049e+00
2.056356642692073328e-02,1.549523809523809526e+00
2.060150375939849565e-02,1.548242505869896313e+00
2.060698702411835337e-02,1.548045112781954780e+00
2.064841770101250376e-02,1.546566416040100256e+00
2.069064676964464319e-02,1.545087719298245510e+00
2.073369747338515631e-02,1.543609022556390986e+00
2.077759396656043631e-02,1.542130325814536240e+00
2.082236135952189593e-02,1.540651629072681938e+00
2.082706766917293353e-02,1.540497512588235640e+00
2.086504811251683675e-02,1.539172932330826971e+00
2.090822164729661675e-02,1.537694235588972447e+00
2.095224706372426221e-02,1.536215538847117701e+00
2.099714976387301660e-02,1.534736842105263399e+00
2.104295616977005373e-02,1.533258145363408431e+00
2.105263157894737142e-02,1.532948942068727005e+00
2.108702801072763131e-02,1.531779448621553907e+00
2.113126745147469315e-02,1.530300751879699162e+00
2.117639315715241083e-02,1.528822055137844860e+00
2.122243196472517468e-02,1.527343358395989892e+00
2.126941180560244435e-02,1.525864661654135368e+00
2.127819548872180583e-02,1.525590926545881132e+00
2.131457275283957925e-02,1.524385964912280400e+00
2.136000887940404588e-02,1.522907268170426098e+00
2.140637024286462520e-02,1.521428571428571352e+00
2.145368532821888274e-02,1.519949874686716829e+00
2.150198380172579915e-02,1.518471177944862083e+00
2.150375939849624024e-02,1.518417258828552274e+00
2.154794297079961479e-02,1.516992481203007559e+00
2.159471762235991993e-02,1.515513784461152813e+00
2.164246161102433702e-02,1.514035087719298289e+00
2.169120531448459968e-02,1.512556390977443543e+00
2.172932330827067812e-02,1.511420509797728906e+00
2.174016888158994062e-02,1.511077694235589020e+00
2.178744894585417716e-02,1.509598997493734274e+00
2.183571699569056973e-02,1.508120300751879750e+00
2.188500425486708881e-02,1.506641604010025004e+00
2.193534327671383191e-02,1.505162907268170258e+00
2.195488721804511600e-02,1.504596238915867801e+00
2.198456645086746541e-02,1.503684210526315734e+00
2.203345607415841192e-02,1.502205513784461210e+00
2.208338772139767023e-02,1.500726817042606465e+00
2.213439499115889969e-02,1.499248120300751719e+00
2.218045112781955042e-02,1.497939357298765373e+00
2.218609938133513093e-02,1.497769423558897195e+00
2.223571132385334520e-02,1.496290726817042671e+00
2.228639161800716542e-02,1.494812030075187925e+00
2.233817507223748861e-02,1.493333333333333179e+00
2.239109802357046319e-02,1.491854636591478656e+00
2.240601503759398483e-02,1.491442814120989446e+00
2.244254318401061113e-02,1.490375939849624132e+00
2.249408077538551931e-02,1.488897243107769386e+00
2.254675299475547567e-02,1.487418546365914640e+00
2.260059764825191400e-02,1.485939849624060116e+00
2.263157894736842271e-02,1.485102665216707418e+00
2.265404056889646148e-02,1.484461152882205592e+00
2.270654952908174318e-02,1.482982456140350846e+00
2.276022882056310745e-02,1.481503759398496101e+00
2.281511792890109427e-02,1.480025062656641577e+00
2.285714285714286059e-02,1.478914216314156427e+00
2.287032182655291540e-02,1.478546365914787053e+00
2.292392276477263000e-02,1.477067669172932529e+00
2.297873433692143585e-02,1.475588972431077561e+00
2.303479794192185570e-02,1.474110275689223037e+00
2.308270676691729500e-02,1.472872286682938237e+00
2.309153616475948315e-02,1.472631578947368514e+00
2.314635745498600655e-02,1.471152882205513768e+00
2.320243471223214227e-02,1.469674185463659022e+00
2.325981151093129209e-02,1.468195488721804498e+00
2.330827067669172942e-02,1.466972124814651224e+00
2.331786557981650396e-02,1.466716791979949974e+00
2.337404472639820208e-02,1.465238095238095228e+00
2.343153071209328614e-02,1.463759398496240483e+00
2.349036958267542233e-02,1.462280701754385959e+00
2.353383458646617077e-02,1.461209388799951103e+00
2.354952733917868579e-02,1.460802005012531435e+00
2.360721251335312285e-02,1.459323308270676689e+00
2.366626153637389068e-02,1.457844611528821943e+00
2.372672326140412569e-02,1.456365914786967641e+00
2.375939849624060518e-02,1.455580129863242034e+00
2.378677708667305615e-02,1.454887218045112895e+00
2.384612887230708189e-02,1.453408521303258150e+00
2.390690835853537949e-02,1.451929824561403404e+00
2.396916759006841383e-02,1.450451127819548880e+00
2.398496240601503959e-02,1.450080778968739992e+00
2.402991265994430109e-02,1.448972431077694356e+00
2.409110605449927417e-02,1.447493734335839610e+00
2.415379867287500981e-02,1.446015037593984864e+00
2.421052631578947401e-02,1.444707072313886398e+00
2.421757445851979024e-02,1.444536340852130341e+00
2.427927873502968431e-02,1.443057644110275595e+00
2.434250546154615238e-02,1.441578947368421071e+00
2.440731158511863855e-02,1.440100250626566325e+00
2.443609022556391189e-02,1.439454090473696546e+00
2.447140922640383964e-02,1.438621553884711801e+00
2.453527244404439187e-02,1.437142857142857055e+00
2.460074364248050066e-02,1.435664160401002531e+00
2.466165413533834977e-02,1.434320714123765494e+00
2.466750031373376659e-02,1.434185463659147786e+00
2.473210481310739520e-02,1.432706766917293262e+00
2.479835015076956029e-02,1.431228070175438516e+00
2.486629953312856356e-02,1.429749373433583992e+00
2.488721804511278418e-02,1.429300671619144758e+00
2.493302826381462237e-02,1.428270676691729246e+00
2.500016020770279984e-02,1.426791979949874722e+00
2.506903561801753985e-02,1.425313283208019977e+00
2.511278195488721859e-02,1.424392476904694060e+00
2.513808905347015427e-02,1.423834586466165453e+00
2.520622432021818807e-02,1.422355889724310707e+00
2.527614752533197118e-02,1.420877192982456183e+00
2.533834586466165648e-02,1.419593116192251259e+00
2.534735432200756547e-02,1.419398496240601215e+00
2.541661477616785625e-02,1.417919799498746913e+00
2.548771304101153656e-02,1.416441102756892167e+00
2.556072312916917930e-02,1.414962406015037644e+00
2.556390977443609436e-02,1.414898553904048617e+00
2.563142629626558033e-02,1.413483709273182898e+00
2.570383340960341600e-02,1.412005012531328374e+00
2.577821120121864470e-02,1.410526315789473628e+00
2.578947368421052877e-02,1.410305222716574436e+00
2.585077697860645174e-02,1.409047619047619104e+00
2.592463436986484210e-02,1.407568922305764358e+00
2.600052797605305679e-02,1.406090225563909835e+00
2.601503759398496318e-02,1.405811310879156562e+00
2.607480955523089686e-02,1.404611528822055089e+00
2.615026752312967634e-02,1.403132832080200565e+00
2.622783452544140415e-02,1.401654135338345819e+00
2.624060150375939759e-02,1.401413948633088769e+00
2.630369298803967443e-02,1.400175438596491295e+00
2.638091206480190631e-02,1.398696741854636549e+00
2.646032097573767020e-02,1.397218045112782026e+00
2.646616541353383895e-02,1.397110493904719197e+00
2.653762444020419525e-02,1.395739348370927280e+00
2.661677691898405723e-02,1.394260651629072534e+00
2.669172932330827336e-02,1.392897694100023731e+00
2.669783883753274606e-02,1.392781954887218010e+00
2.677683166942678578e-02,1.391303258145363486e+00
2.685810332744817050e-02,1.389824561403508518e+00
2.691729323308270777e-02,1.388772725448822465e+00
2.694036644581228671e-02,1.388345864661654216e+00
2.702157590144718333e-02,1.386867167919799471e+00
2.710516795741513968e-02,1.385388471177945169e+00
2.714285714285714218e-02,1.384734327596537362e+00
2.718852155623675479e-02,1.383909774436090201e+00
2.727215525662192441e-02,1.382431077694235455e+00
2.735828660856211986e-02,1.380952380952380931e+00
2.736842105263158353e-02,1.380780686399151191e+00
2.744262435778688919e-02,1.379473684210526407e+00
2.752890881993650882e-02,1.377994987468671662e+00
2.759398496240601795e-02,1.376907233697594268e+00
2.761649901062530887e-02,1.376516290726816916e+00
2.770303807866873400e-02,1.375037593984962392e+00
2.779222146635500212e-02,1.373558897243107868e+00
2.781954887218045236e-02,1.373113480721255719e+00
2.788061164214207868e-02,1.372080200501252900e+00
2.797017426312063335e-02,1.370601503759398376e+00
2.804511278195488677e-02,1.369397323000260736e+00
2.806158070327444826e-02,1.369122807017543852e+00
2.815162821879694036e-02,1.367644110275689329e+00
2.824449902283952818e-02,1.366165413533834361e+00
2.827067669172932812e-02,1.365755666858532003e+00
2.833654844998599598e-02,1.364686716791979837e+00
2.843004624764615754e-02,1.363208020050125313e+00
2.849624060150376254e-02,1.362187349689106819e+00
2.852491350491105984e-02,1.361729323308270789e+00
2.861915112334373346e-02,1.360250626566416043e+00
2.871642931619959593e-02,1.358771929824561298e+00
2.872180451127819695e-02,1.358691286263679077e+00
2.881180722589808327e-02,1.357293233082706774e+00
2.890999014100580078e-02,1.355814536340852250e+00
2.894736842105263136e-02,1.355262551672918647e+00
2.900802163716750814e-02,1.354335839598997504e+00
2.910723282675035245e-02,1.352857142857142758e+00
2.917293233082707271e-02,1.351902492830054925e+00
2.920781487436172399e-02,1.351378446115288234e+00
2.930818139747835491e-02,1.349899749373433711e+00
2.939849624060150712e-02,1.348608953126426480e+00
2.941122094774064472e-02,1.348421052631578965e+00
2.951287409237495635e-02,1.346942355889724219e+00
2.961797357364048117e-02,1.345463659147869695e+00
2.962406015037594154e-02,1.345379199014693938e+00
2.972136359047160281e-02,1.343984962406015171e+00
2.982796860977699610e-02,1.342506265664160425e+00
2.984962406015037595e-02,1.342210946778890523e+00
2.993371737522040194e-02,1.341027568922305679e+00
3.004197835619156973e-02,1.339548872180451156e+00
3.007518796992481730e-02,1.339103965801608176e+00
3.015001824420748822e-02,1.338070175438596632e+00
3.026009286499724629e-02,1.336591478696741886e+00
3.030075187969925171e-02,1.336056574381000672e+00
3.037036497194436219e-02,1.335112781954887140e+00
3.048241918758934355e-02,1.333634085213032616e+00
3.052631578947368612e-02,1.333067198897214922e+00
3.059487313654998819e-02,1.332155388471177870e+00
3.070908229568233144e-02,1.330676691729323347e+00
3.075187969924812054e-02,1.330134370014499634e+00
3.082367612431013634e-02,1.329197994987468601e+00
3.094022619698492266e-02,1.327719298245614077e+00
3.097744360902255842e-02,1.327256719386853412e+00
3.105692632966883943e-02,1.326240601503759331e+00
3.117601526551546168e-02,1.324761904761904807e+00
3.120300751879699630e-02,1.324432976858460176e+00
3.129479657229015943e-02,1.323283208020050061e+00
3.141663581117213472e-02,1.321804511278195537e+00
3.142857142857143071e-02,1.321661968155284139e+00
3.153748175756358740e-02,1.320325814536340792e+00
3.165413533834586512e-02,1.318941727559612698e+00
3.166190266734273534e-02,1.318847117794486268e+00
3.178520081248371182e-02,1.317368421052631522e+00
3.187969924812030648e-02,1.316270311931331261e+00
3.191162212380515423e-02,1.315889724310776998e+00
3.203819893542179942e-02,1.314411027568922252e+00
3.210526315789474089e-02,1.313648113728552502e+00
3.216662970940411398e-02,1.312932330827067728e+00
3.229675020618123782e-02,1.311453634085212983e+00
3.233082706766917530e-02,1.311074310287815070e+00
3.242720915304336815e-02,1.309974937343358459e+00
3.255639097744360971e-02,1.308547664142954980e+00
3.256093591700306294e-02,1.308496240601503713e+00
3.269367676040293991e-02,1.307017543859648967e+00
3.278195488721805106e-02,1.306063818055000603e+00
3.282943386925784440e-02,1.305538847117794443e+00
3.296638507633453674e-02,1.304060150375939919e+00
3.300751879699248548e-02,1.303625819681656584e+00
3.310422018859264515e-02,1.302581453634085173e+00
3.323308270676691989e-02,1.301231869177175593e+00
3.324514296010558367e-02,1.301102756892230650e+00
3.338570031318458670e-02,1.299624060150375904e+00
3.345864661654135430e-02,1.298877938442441149e+00
3.352875567173510540e-02,1.298145363408521380e+00
3.367432641156731243e-02,1.296666666666666634e+00
3.368421052631579565e-02,1.296567982968911181e+00
3.381959614338771181e-02,1.295187969924811888e+00
3.390977443609023007e-02,1.294295575303786361e+00
3.396783962046866223e-02,1.293709273182957364e+00
3.411818506341964680e-02,1.292230576441102841e+00
3.413533834586466448e-02,1.292065014912774590e+00
3.426875730261311204e-02,1.290751879699248317e+00
3.436090225563909889e-02,1.289870776710599021e+00
3.442222459926624900e-02,1.289273182957393571e+00
3.457813046958365527e-02,1.287794486215538825e+00
3.458646616541354024e-02,1.287716809042856125e+00
3.473408283902201799e-02,1.286315789473684301e+00
3.481203007518797465e-02,1.285596522618382309e+00
3.489288100770947254e-02,1.284837092731829555e+00
3.503759398496240907e-02,1.283515076903630314e+00
3.505445230187655137e-02,1.283358395989975032e+00
3.521671325072554121e-02,1.281879699248120286e+00
3.526315789473684348e-02,1.281466679587630830e+00
3.538102677834783355e-02,1.280401002506265762e+00
3.548872180451128483e-02,1.279453317752693220e+00
3.554810770692132249e-02,1.278922305764411016e+00
3.571428571428571924e-02,1.277475601725871490e+00
3.571790421114826031e-02,1.277443609022556492e+00
3.588816691710373236e-02,1.275964912280701746e+00
3.593984962406015365e-02,1.275527459407217901e+00
3.606106030471356583e-02,1.274486215538847222e+00
3.616541353383458807e-02,1.273612805988757035e+00
3.623670863802264108e-02,1.273007518796992477e+00
3.639097744360902942e-02,1.271731015331617698e+00
3.641508022287334029e-02,1.271528822055137953e+00
3.659525683041980892e-02,1.270050125313283207e+00
3.661654135338346383e-02,1.269879116999610202e+00
3.677719838153203913e-02,1.268571428571428683e+00
3.684210526315789824e-02,1.268056134655381806e+00
3.696195244724698181e-02,1.267092731829573937e+00
3.706766917293233266e-02,1.266263598711353966e+00
3.714950805930209571e-02,1.265614035087719413e+00
3.729323308270677401e-02,1.264500676545982749e+00
3.733986084391291427e-02,1.264135338345864668e+00
3.751879699248120842e-02,1.262766573046173013e+00
3.753301295023618589e-02,1.262656641604010144e+00
3.772831926234584965e-02,1.261177944862155176e+00
3.774436090225564283e-02,1.261059045024925718e+00
3.792597824215392099e-02,1.259699248120300874e+00
3.796992481203007724e-02,1.259377773891935171e+00
3.812661751707723673e-02,1.258220551378446128e+00
3.819548872180451859e-02,1.257723443545240460e+00
3.833026308888551337e-02,1.256741854636591604e+00
3.842105263157895301e-02,1.256095392230116126e+00
3.853694816039747451e-02,1.255263157894736858e+00
3.864661654135338742e-02,1.254492989434731198e+00
3.874671328514689428e-02,1.253784461152882335e+00
3.887218045112782183e-02,1.252915634806528233e+00
3.895960656175435216e-02,1.252305764411027589e+00
3.909774436090225624e-02,1.251362757159658834e+00
3.917568387491170145e-02,1.250827067669173065e+00
3.932330827067669760e-02,1.249833813570615515e+00
3.939500918542824387e-02,1.249348370927318319e+00
3.954887218045113201e-02,1.248328288559730215e+00
3.961765487236822147e-02,1.247869674185463795e+00
3.977443609022556642e-02,1.246845693356747553e+00
3.984370213094744206e-02,1.246390977443609049e+00
4.000000000000000083e-02,1.245385565249225168e+00
4.007324143055540633e-02,1.244912280701754526e+00
4.022556390977444218e-02,1.243947467013055697e+00
4.030637303805237326e-02,1.243433583959899780e+00
4.045112781954887660e-02,1.242530986424984940e+00
4.054320761236699516e-02,1.241954887218045034e+00
4.067669172932331101e-02,1.241135735857590294e+00
4.078386687741450412e-02,1.240476190476190510e+00
4.090225563909774542e-02,1.239761351957814561e+00
4.102848438148651300e-02,1.238997493734335986e+00
4.112781954887218677e-02,1.238407495410820403e+00
4.127720635256051929e-02,1.237518796992481240e+00
4.135338345864662118e-02,1.237073850791665430e+00
4.153019266047187213e-02,1.236040100250626494e+00
4.157894736842105560e-02,1.235760126508086643e+00
4.178761789861886594e-02,1.234561403508771971e+00
4.180451127819549695e-02,1.234466054838552873e+00
4.203007518796993136e-02,1.233189732536303707e+00
4.204895214476523507e-02,1.233082706766917447e+00
4.225563909774436577e-02,1.231930781669037023e+00
4.231433201375434799e-02,1.231604010025062701e+00
4.248120300751880019e-02,1.230690429744036196e+00
4.258459966006915981e-02,1.230125313283207955e+00
4.270676691729324154e-02,1.229468490991088681e+00
4.285999365492550867e-02,1.228646616541353431e+00
4.293233082706768289e-02,1.228264803629595336e+00
4.314077404162704882e-02,1.227167919799498907e+00
4.315789473684211036e-02,1.227079230467826410e+00
4.338345864661654477e-02,1.225908042353253125e+00
4.342566277580262035e-02,1.225689223057644162e+00
4.360902255639098613e-02,1.224752898338468343e+00
4.371571437631430884e-02,1.224210526315789416e+00
4.383458646616542054e-02,1.223615137844968892e+00
4.401186642367634766e-02,1.222731829573934892e+00
4.406015037593985495e-02,1.222494705595444930e+00
4.428571428571428936e-02,1.221389232431492111e+00
4.431346934990110231e-02,1.221253132832080368e+00
4.451127819548873071e-02,1.220296607309616643e+00
4.461999485962582501e-02,1.219774436090225622e+00
4.473684210526316513e-02,1.219220777312481463e+00
4.493354184810888913e-02,1.218295739348370876e+00
4.496240601503760648e-02,1.218161772880456795e+00
4.518796992481203395e-02,1.217114312966588674e+00
4.525227348283498985e-02,1.216817042606516353e+00
4.541353383458647530e-02,1.216080927752361873e+00
4.557770497690859929e-02,1.215338345864661607e+00
4.563909774436090971e-02,1.215064032378122993e+00
4.586466165413534413e-02,1.214060045096818419e+00
4.590976953517347803e-02,1.213859649122807083e+00
4.609022556390977854e-02,1.213067305337074853e+00
4.624824330489107210e-02,1.212380952380952337e+00
4.631578947368421989e-02,1.212090859553613509e+00
4.654135338345865430e-02,1.211126621012672988e+00
4.659399163884199446e-02,1.210902255639097813e+00
4.676691729323309565e-02,1.210173073240712549e+00
4.694691518972261141e-02,1.209423558897243067e+00
4.699248120300752313e-02,1.209235768157507884e+00
4.721804511278196448e-02,1.208307818041658432e+00
4.730694751172175028e-02,1.207944862155388543e+00
4.744360902255639889e-02,1.207392351099469074e+00
4.766917293233083330e-02,1.206492699042958305e+00
4.767580513388796487e-02,1.206466165413533798e+00
4.789473684210526772e-02,1.205598328165866207e+00
4.805122594558654953e-02,1.204987468671679274e+00
4.812030075187970907e-02,1.204720179173359718e+00
4.834586466165414348e-02,1.203851540750236593e+00
4.843555525980143550e-02,1.203508771929824528e+00
4.857142857142857789e-02,1.202993734974447060e+00
4.879699248120301924e-02,1.202149982463964983e+00
4.882905718412532126e-02,1.202030075187970004e+00
4.902255639097745366e-02,1.201311956668101866e+00
4.923129788802325935e-02,1.200551378446115258e+00
4.924812030075188807e-02,1.200490514938776343e+00
4.947368421052632248e-02,1.199673044486322837e+00
4.964223996059625305e-02,1.199072681704260734e+00
4.969924812030075689e-02,1.198870937356032895e+00
4.992481203007520518e-02,1.198075330806244843e+00
5.006313534335531112e-02,1.197593984962405989e+00
5.015037593984963266e-02,1.197292169905121995e+00
5.037593984962406707e-02,1.196517273100937695e+00
5.049424478904919467e-02,1.196115288220551687e+00
5.060150375939850148e-02,1.195752733516850297e+00
5.082706766917294283e-02,1.194997447884012853e+00
5.093589383637113499e-02,1.194636591478696719e+00
5.105263157894737724e-02,1.194251268224547191e+00
5.127819548872181166e-02,1.193514545614680289e+00
5.138847725716059328e-02,1.193157894736842195e+00
5.150375939849624607e-02,1.192786528735195750e+00
5.172932330827068742e-02,1.192067366546766483e+00
5.185246467220525068e-02,1.191679197994987449e+00
5.195488721804511489e-02,1.191357380997854598e+00
5.218045112781955625e-02,1.190654817523030262e+00
5.232840749463052443e-02,1.190200501253132925e+00
5.240601503759399066e-02,1.189962799789382686e+00
5.263157894736843201e-02,1.189275909735543202e+00
5.281694740502101970e-02,1.188721804511278179e+00
5.285714285714286642e-02,1.188601867360558506e+00
5.308270676691730083e-02,1.187929757494799343e+00
5.330827067669173525e-02,1.187273008269413399e+00
5.331851927297425603e-02,1.187243107769423656e+00
5.353383458646616966e-02,1.186615578075538746e+00
5.375939849624061101e-02,1.185972363460427781e+00
5.383271460365258998e-02,1.185764411027568910e+00
5.398496240601503848e-02,1.185332692737369298e+00
5.421052631578947983e-02,1.184702200860247912e+00
5.436166941168640854e-02,1.184285714285714164e+00
5.443609022556391425e-02,1.184080529054767128e+00
5.466165413533835560e-02,1.183461966358959838e+00
5.488721804511279001e-02,1.182857248095170011e+00
5.490593718686961888e-02,1.182807017543859640e+00
5.511278195488722442e-02,1.182251211746620401e+00
5.533834586466165884e-02,1.181657361368634529e+00
5.546474669269577107e-02,1.181328320802005116e+00
5.556390977443610019e-02,1.181069600066975811e+00
5.578947368421052766e-02,1.180485874634586319e+00
5.601503759398496901e-02,1.179915030136879706e+00
5.604088142129824701e-02,1.179849624060150370e+00
5.624060150375940342e-02,1.179342574239625741e+00
5.646616541353384477e-02,1.178780895818177576e+00
5.663340764793507731e-02,1.178370927318295847e+00
5.669172932330827919e-02,1.178227369853844131e+00
5.691729323308271360e-02,1.177674144741684081e+00
5.714285714285714801e-02,1.177132989348648850e+00
5.724405046499879413e-02,1.176892230576441101e+00
5.736842105263158936e-02,1.176594816677321020e+00
5.759398496240603071e-02,1.176061232318561078e+00
5.781954887218045819e-02,1.175539179248773047e+00
5.787401121656296499e-02,1.175413533834586577e+00
5.804511278195489260e-02,1.175016379252648235e+00
5.827067669172933395e-02,1.174501058150292376e+00
5.849624060150376836e-02,1.173996777875476738e+00
5.852395582679500996e-02,1.173934837092731831e+00
5.872180451127820972e-02,1.173489477089768140e+00
5.894736842105263719e-02,1.172991125353152198e+00
5.917293233082707854e-02,1.172503368381976996e+00
5.919476739014354477e-02,1.172456140350877307e+00
5.939849624060151295e-02,1.172011808239410424e+00
5.962406015037594736e-02,1.171529204676102109e+00
5.984962406015038178e-02,1.171056791164051480e+00
5.988756715166443367e-02,1.170977443609022561e+00
6.007518796992482313e-02,1.170581338616255795e+00
6.030075187969925754e-02,1.170113324407790145e+00
6.052631578947369195e-02,1.169655134312824307e+00
6.060374252293691116e-02,1.169498746867168038e+00
6.075187969924813330e-02,1.169196295932405816e+00
6.097744360902256772e-02,1.168741764675832018e+00
6.120300751879700213e-02,1.168296728253850558e+00
6.134498352722207726e-02,1.168020050125313292e+00
6.142857142857143654e-02,1.167855168635172802e+00
6.165413533834587095e-02,1.167413056520259174e+00
6.187969924812031230e-02,1.166980144942477260e+00
6.210526315789474672e-02,1.166556157741965638e+00
6.211312746447024413e-02,1.166541353383458768e+00
6.233082706766918113e-02,1.166125986376471690e+00
6.255639097744361554e-02,1.165704202226630404e+00
6.278195488721804995e-02,1.165291090297205123e+00
6.290801145264617034e-02,1.165062656641604022e+00
6.300751879699248437e-02,1.164879606937346601e+00
6.323308270676691878e-02,1.164467974306481635e+00
6.345864661654135319e-02,1.164064793345461979e+00
6.368421052631580148e-02,1.163669813576187373e+00
6.373337813187750223e-02,1.163583959899749498e+00
6.390977443609023589e-02,1.163270809654580740e+00
6.413533834586465643e-02,1.162876625930128860e+00
6.436090225563910472e-02,1.162490459653272579e+00
6.458646616541353913e-02,1.162112075368041841e+00
6.459052042078365641e-02,1.162105263157894752e+00
6.481203007518798742e-02,1.161726237398740924e+00
6.503759398496240796e-02,1.161347980395072366e+00
6.526315789473684237e-02,1.160977355954097456e+00
6.548083930771930739e-02,1.160626566416040228e+00
6.548872180451129066e-02,1.160613605357596612e+00
6.571428571428572507e-02,1.160242340441492104e+00
6.593984962406015948e-02,1.159878588435481639e+00
6.616541353383459390e-02,1.159522129587817307e+00
6.639097744360902831e-02,1.159172752588779609e+00
6.640703751218166029e-02,1.159147869674185483e+00
6.661654135338346272e-02,1.158816078284199858e+00
6.684210526315789713e-02,1.158465491087228738e+00
6.706766917293233154e-02,1.158121900102672353e+00
6.729323308270677984e-02,1.157785103474625821e+00
6.737132414376115208e-02,1.157669172932330959e+00
6.751879699248121425e-02,1.157444911845697533e+00
6.774436090225564866e-02,1.157106212216997942e+00
6.796992481203008307e-02,1.156774252098898170e+00
6.819548872180451748e-02,1.156448837492581205e+00
6.837739618282093201e-02,1.156190476190476213e+00
6.842105263157895190e-02,1.156126812403821758e+00
6.864661654135338631e-02,1.155798767030113527e+00
6.887218045112782072e-02,1.155477243315709224e+00
6.909774436090225513e-02,1.155162053582523551e+00
6.932330827067670342e-02,1.154853017250034863e+00
6.942724886617909763e-02,1.154711779448621689e+00
6.954887218045113784e-02,1.154541690310375124e+00
6.977443609022557225e-02,1.154229431542236117e+00
7.000000000000000666e-02,1.153923332043362393e+00
7.022556390977444107e-02,1.153623215867377372e+00
7.045112781954887549e-02,1.153328913674201317e+00
7.052497619696913855e-02,1.153233082706766943e+00
7.067669172932330990e-02,1.153029926187545406e+00
7.090225563909774431e-02,1.152731783691741452e+00
7.112781954887219260e-02,1.152439490241064401e+00
7.135338345864662701e-02,1.152152879561952004e+00
7.157894736842107530e-02,1.151871791594923478e+00
7.167386203401959754e-02,1.151754385964912419e+00
7.180451127819549584e-02,1.151587131435120481e+00
7.203007518796994413e-02,1.151301541103799897e+00
7.225563909774437854e-02,1.151021538169540559e+00
7.248120300751879908e-02,1.150746964132055350e+00
7.270676691729321961e-02,1.150477666403366461e+00
7.287839535300937033e-02,1.150275689223057674e+00
7.293233082706766790e-02,1.150209779507615604e+00
7.315789473684211619e-02,1.149935251100527633e+00
7.338345864661655060e-02,1.149666094830599450e+00
7.360902255639098501e-02,1.149402158160216736e+00
7.383458646616541943e-02,1.149143294248226033e+00
7.406015037593985384e-02,1.148889361686692645e+00
7.414272364219262612e-02,1.148796992481203150e+00
7.428571428571428825e-02,1.148630323979338286e+00
7.451127819548872266e-02,1.148370609096816430e+00
7.473684210526315708e-02,1.148115948432758548e+00
7.496240601503759149e-02,1.147866199180947788e+00
7.518796992481203978e-02,1.147621223843179994e+00
7.541353383458647419e-02,1.147380889985102126e+00
7.547253567465227186e-02,1.147318295739348404e+00
7.563909774436090860e-02,1.147133445827627662e+00
7.586466165413534302e-02,1.146886701287848531e+00
7.609022556390979131e-02,1.146644749978087852e+00
7.631578947368421184e-02,1.146407456610982312e+00
7.654135338345864625e-02,1.146174690923424277e+00
7.676691729323308067e-02,1.145946327445635404e+00
7.687324493229347189e-02,1.145839598997493880e+00
7.699248120300752896e-02,1.145713820315899856e+00
7.721804511278196337e-02,1.145478309434949660e+00
7.744360902255639778e-02,1.145247384843814498e+00
7.766917293233083219e-02,1.145020916668955335e+00
7.789473684210526661e-02,1.144798779876968542e+00
7.812030075187970102e-02,1.144580854051335583e+00
7.834586466165413543e-02,1.144367023181413368e+00
7.835232114750009802e-02,1.144360902255639134e+00
7.857142857142856984e-02,1.144141534877636701e+00
7.879699248120301813e-02,1.143920005724341271e+00
7.902255639097745255e-02,1.143702782961186326e+00
7.924812030075188696e-02,1.143489744763878768e+00
7.947368421052632137e-02,1.143280773844685960e+00
7.969924812030075578e-02,1.143075757243340096e+00
7.991610865354052684e-02,1.142882205513784610e+00
7.992481203007520407e-02,1.142873949753765217e+00
8.015037593984962461e-02,1.142660173828450976e+00
8.037593984962405902e-02,1.142450608219256036e+00
8.060150375939850731e-02,1.142245132124856566e+00
8.082706766917294172e-02,1.142043629307247121e+00
8.105263157894737613e-02,1.141845987878394197e+00
8.127819548872181055e-02,1.141652100098744071e+00
8.150375939849624496e-02,1.141461862186829990e+00
8.157334484663519847e-02,1.141403508771929864e+00
8.172932330827067937e-02,1.141263591129249910e+00
8.195488721804511378e-02,1.141064059584516510e+00
8.218045112781954820e-02,1.140868462762520519e+00
8.240601503759398261e-02,1.140676687531239297e+00
8.263157894736843090e-02,1.140488625042145321e+00
8.285714285714286531e-02,1.140304170529473193e+00
8.308270676691729972e-02,1.140123223120666163e+00
8.330827067669173414e-02,1.139945685657286489e+00
8.333485077540765673e-02,1.139924812030075341e+00
8.353383458646616855e-02,1.139756331593016370e+00
8.375939849624060296e-02,1.139568744749965612e+00
8.398496240601503737e-02,1.139384890811208306e+00
8.421052631578945791e-02,1.139204661360846194e+00
8.443609022556392008e-02,1.139027952130199806e+00
8.466165413533835449e-02,1.138854662801464412e+00
8.488721804511278890e-02,1.138684696822416687e+00
8.511278195488722331e-02,1.138517961231451325e+00
8.521080408192910349e-02,1.138446115288220595e+00
8.533834586466167160e-02,1.138344325959910863e+00
8.556390977443609214e-02,1.138166471369408406e+00
8.578947368421052655e-02,1.137992222647742135e+00
8.601503759398496096e-02,1.137821472975096837e+00
8.624060150375940925e-02,1.137654119700016508e+00
8.646616541353384366e-02,1.137490064138116708e+00
8.669172932330827808e-02,1.137329211382345662e+00
8.691729323308271249e-02,1.137171470124035411e+00
8.714285714285714690e-02,1.137016752484026227e+00
8.721525741947805388e-02,1.136967418546366071e+00
8.736842105263158131e-02,1.136852444005025609e+00
8.759398496240602960e-02,1.136685605059068127e+00
8.781954887218045014e-02,1.136522220041552345e+00
8.804511278195489843e-02,1.136362184355000249e+00
8.827067669172933284e-02,1.136205397574838738e+00
8.849624060150376725e-02,1.136051763243416612e+00
8.872180451127820167e-02,1.135901188676103457e+00
8.894736842105263608e-02,1.135753584778651959e+00
8.917293233082707049e-02,1.135608865875066043e+00
8.936334362681139232e-02,1.135488721804511325e+00
8.939849624060150490e-02,1.135463909300673535e+00
8.962406015037593932e-02,1.135305510763017445e+00
8.984962406015040148e-02,1.135150511879951196e+00
9.007518796992482202e-02,1.134998805780723874e+00
9.030075187969927031e-02,1.134850290020229746e+00
9.052631578947369084e-02,1.134704866352316710e+00
9.075187969924812526e-02,1.134562440516887261e+00
9.097744360902255967e-02,1.134422922039824089e+00
9.120300751879699408e-02,1.134286224044844360e+00
9.142857142857142849e-02,1.134152263076464884e+00
9.165413533834587678e-02,1.134020958933316781e+00
9.167297340443267273e-02,1.134010025062656801e+00
9.187969924812031119e-02,1.133873346579527874e+00
9.210526315789474561e-02,1.133727318182992994e+00
9.233082706766918002e-02,1.133584536090905814e+00
9.255639097744361443e-02,1.133444894480108545e+00
9.278195488721804884e-02,1.133308292071349088e+00
9.300751879699248326e-02,1.133174631888024031e+00
9.323308270676691767e-02,1.133043821030134790e+00
9.345864661654136596e-02,1.132915770462343374e+00
9.368421052631580037e-02,1.132790394815115231e+00
9.390977443609023478e-02,1.132667612198016149e+00
9.413533834586466920e-02,1.132547344024303460e+00
9.416550917884883298e-02,1.132531328320802055e+00
9.436090225563910361e-02,1.132410107067580940e+00
9.458646616541353802e-02,1.132273136227980315e+00
9.481203007518797243e-02,1.132139404399334470e+00
9.503759398496239297e-02,1.132008799134135213e+00
9.526315789473685514e-02,1.131881213125138785e+00
9.548872180451128955e-02,1.131756543914999913e+00
9.571428571428572396e-02,1.131634693625369836e+00
9.593984962406015837e-02,1.131515568703950203e+00
9.616541353383459279e-02,1.131399079688131026e+00
9.639097744360902720e-02,1.131285140983959270e+00
9.661654135338346161e-02,1.131173670659287200e+00
9.684210526315789602e-02,1.131064590250053570e+00
9.686695148692690827e-02,1.131052631578947532e+00
9.706766917293233043e-02,1.130935539290134129e+00
9.729323308270677872e-02,1.130807092501874722e+00
9.751879699248121314e-02,1.130681967658641041e+00
9.774436090225563367e-02,1.130560038510468157e+00
9.796992481203008196e-02,1.130441185120401926e+00
9.819548872180453025e-02,1.130325293474804926e+00
9.842105263157895079e-02,1.130212255122172493e+00
9.864661654135337132e-02,1.130101966838064520e+00
9.887218045112781961e-02,1.129994330313964124e+00
9.909774436090226790e-02,1.129889251868104960e+00
9.932330827067670231e-02,1.129786642176468847e+00
9.954887218045113673e-02,1.129686416022339435e+00
9.977443609022557114e-02,1.129588492062928218e+00
9.980818908682460855e-02,1.129573934837092786e+00
1.000000000000000056e-01,1.129467825932546576e+00
