kH,c_analytical
3.216079999999999828e+00,3.030854471829308228e+00
3.219162135201220742e+00,3.027892976588628660e+00
3.228109143524184876e+00,3.019581939799331316e+00
3.237660580113233433e+00,3.011270903010033528e+00
3.238617424749164364e+00,3.010457065057072334e+00
3.246607045973820327e+00,3.002959866220735741e+00
3.256016807948863168e+00,2.994648829431437953e+00
3.261154849498327568e+00,2.990303239343620412e+00
3.265410926784144241e+00,2.986337792642141054e+00
3.274699329116030899e+00,2.978026755852842822e+00
3.283692274247491660e+00,2.970467097384724031e+00
3.284504811668833568e+00,2.969715719063545478e+00
3.293690875376011462e+00,2.961404682274247691e+00
3.303511679684182134e+00,2.953093645484949903e+00
3.306229698996655308e+00,2.950865468428357730e+00
3.312976474616947886e+00,2.944782608695652115e+00
3.322705838502568731e+00,2.936471571906354328e+00
3.328767123745818957e+00,2.931536992923729379e+00
3.332543210421244240e+00,2.928160535117056984e+00
3.342199946049500880e+00,2.919849498327759196e+00
3.351304548494982605e+00,2.912491821257447100e+00
3.352380021591189863e+00,2.911538461538462297e+00
3.361982120573729027e+00,2.903227424749164065e+00
3.372269223902304436e+00,2.894916387959866277e+00
3.373841973244147141e+00,2.893679389800670521e+00
3.382042337645791541e+00,2.886605351170568490e+00
3.392290066323214504e+00,2.878294314381270702e+00
3.396379397993310789e+00,2.875104383026878541e+00
3.402372278340666689e+00,2.869983277591973359e+00
3.412599295423907275e+00,2.861672240802676015e+00
3.418916822742474881e+00,2.856786781522744789e+00
3.422965205926033594e+00,2.853361204013378227e+00
3.433189791292467596e+00,2.845050167224080440e+00
3.441454247491638530e+00,2.838717093408118064e+00
3.443815867593476909e+00,2.836739130434782208e+00
3.454056072478671080e+00,2.828428093645484864e+00
3.463991672240802622e+00,2.820886707952025674e+00
3.464920418540096581e+00,2.820117056856186633e+00
3.475194213929437392e+00,2.811806020066889289e+00
3.486238429706285835e+00,2.803494983277592389e+00
3.486529096989966270e+00,2.803280978016998493e+00
3.496601788029321867e+00,2.795183946488294602e+00
3.507705770925314326e+00,2.786872909698996814e+00
3.509066521739130362e+00,2.785881531078777229e+00
3.518277827120516843e+00,2.778561872909699026e+00
3.529461985278175895e+00,2.770250836120401239e+00
3.531603946488294010e+00,2.768707322761216894e+00
3.540222806461801319e+00,2.761939799331103451e+00
3.551507986293128916e+00,2.753628762541806552e+00
3.554141371237458102e+00,2.751752667516299322e+00
3.562438647125167002e+00,2.745317725752508764e+00
3.573846309345818373e+00,2.737006688963210976e+00
3.576678795986621751e+00,2.735012567105002734e+00
3.584928738845756691e+00,2.728695652173913189e+00
3.596481143833148320e+00,2.720384615384615401e+00
3.599216220735785843e+00,2.718482682066813538e+00
3.607697983356647153e+00,2.712073578595317613e+00
3.619418389413677772e+00,2.703762541806019826e+00
3.621753645484949047e+00,2.702159308234891810e+00
3.630752859276827671e+00,2.695451505016722482e+00
3.642665737768877143e+00,2.687140468227425139e+00
3.644291070234113583e+00,2.686039358032461521e+00
3.654101510200787217e+00,2.678829431438127351e+00
3.666232782060164563e+00,2.670518394648829563e+00
3.666828494983277231e+00,2.670120346353294760e+00
3.677753858287129418e+00,2.662207357859531776e+00
3.689365919732441323e+00,2.654383315413309852e+00
3.690033882165545176e+00,2.653896321070233544e+00
3.701721746391121393e+00,2.645585284280936644e+00
3.711903344481605416e+00,2.638823448147798345e+00
3.714060757382818156e+00,2.637274247491638857e+00
3.726019112668054412e+00,2.628963210702341513e+00
3.734440769230769064e+00,2.623453242335956226e+00
3.738403192489388793e+00,2.620652173913043725e+00
3.750662202635621334e+00,2.612341137123745938e+00
3.756978193979932712e+00,2.608272370731971712e+00
3.763077363900459105e+00,2.604030100334448150e+00
3.775669824981418454e+00,2.595719063545150362e+00
3.779515618729096360e+00,2.593281066996880657e+00
3.788101900166024549e+00,2.587408026755853019e+00
3.801063659010282425e+00,2.579096989966555231e+00
3.802053043478260896e+00,2.578480136004472456e+00
3.813498182330490760e+00,2.570785953177257888e+00
3.824590468227424545e+00,2.563821993918692144e+00
3.826583420122377621e+00,2.562474916387960100e+00
3.839290703240891389e+00,2.554163879598662312e+00
3.847127892976588637e+00,2.549328024737924636e+00
3.852362394392874645e+00,2.545852842809364525e+00
3.865507497825785954e+00,2.537541806020066737e+00
3.869665317725751841e+00,2.535021936036483847e+00
3.878551756154269725e+00,2.529230769230769837e+00
3.892180659487392447e+00,2.520919732441471606e+00
3.892202742474916377e+00,2.520906596089240725e+00
3.905182934089005187e+00,2.512608695652174262e+00
3.914740167224080469e+00,2.506888916804855150e+00
3.918774807639757718e+00,2.504297658862876474e+00
3.932291880150650787e+00,2.495986622073578687e+00
3.937277591973244117e+00,2.493060043690291216e+00
3.945830127594065484e+00,2.487675585284280899e+00
3.959815016722407766e+00,2.479422647476678065e+00
3.959906930642315803e+00,2.479364548494983111e+00
3.973389648551294506e+00,2.471053511705685768e+00
3.982352441471571858e+00,2.465869690990786012e+00
3.987403112059134447e+00,2.462742474916387980e+00
4.001499615676728183e+00,2.454431438127090637e+00
4.004889866220735506e+00,2.452511233991217399e+00
4.015435409549186652e+00,2.446120401337792849e+00
4.027427290969899154e+00,2.439296397782276582e+00
4.029872637663777901e+00,2.437809364548494617e+00
4.044055884797743694e+00,2.429498327759197274e+00
4.049964715719063690e+00,2.426208314759930929e+00
4.058407594616642911e+00,2.421187290969899486e+00
4.072502140468227338e+00,2.413307303738950527e+00
4.073224853265622336e+00,2.412876254180602142e+00
4.087575563311905746e+00,2.404565217391304355e+00
4.095039565217390987e+00,2.400485750886750758e+00
4.102300631424441235e+00,2.396254180602007011e+00
4.117444734829349251e+00,2.387943143812709224e+00
4.117576989966554635e+00,2.387872548940909390e+00
4.132062477546860180e+00,2.379632107023411436e+00
4.140114414715719171e+00,2.375318753000558392e+00
4.147124669555554810e+00,2.371321070234113648e+00
4.162588190021130785e+00,2.363010033444815861e+00
4.162651839464882819e+00,2.362976768177226461e+00
4.177537461697330201e+00,2.354698996655518517e+00
4.185189264214046467e+00,2.350687625987672114e+00
4.192905997655056005e+00,2.346387959866220729e+00
4.207726688963211004e+00,2.338598532132043939e+00
4.208661436799371991e+00,2.338076923076923386e+00
4.224039268634648181e+00,2.329765886287625598e+00
4.230264113712374652e+00,2.326577450073761710e+00
4.239688184710088237e+00,2.321454849498327810e+00
4.252801538461538300e+00,2.314723963346777769e+00
4.255705432845587666e+00,2.313143812709030023e+00
4.271626327513562416e+00,2.304832775919732235e+00
4.275338963210701948e+00,2.302977868253947680e+00
4.287534039800035224e+00,2.296521739130434892e+00
4.297876387959865596e+00,2.291345937898339624e+00
4.303794655751368659e+00,2.288210702341137104e+00
4.320379500517781857e+00,2.279899665551839760e+00
4.320413812709030132e+00,2.279882973731629736e+00
4.336528559159310348e+00,2.271588628762541973e+00
4.342951237458193781e+00,2.268460356435674896e+00
4.353017988259740179e+00,2.263277591973244185e+00
4.365488662207357429e+00,2.257198703333654244e+00
4.369824876677487424e+00,2.254966555183946397e+00
4.386783127983741259e+00,2.246655518394648610e+00
4.388026086956521965e+00,2.246067428149856049e+00
4.403490745324784683e+00,2.238344481605351266e+00
4.410563511705685613e+00,2.234996794189076041e+00
4.420507519299341936e+00,2.230033444816053478e+00
4.433100936454849261e+00,2.224072782184547847e+00
4.437814117658051671e+00,2.221722408026756135e+00
4.455360757155946594e+00,2.213411371237458347e+00
4.455638361204012909e+00,2.213284051823099841e+00
4.472583479869792100e+00,2.205100334448160559e+00
4.478175785953177446e+00,2.202536561626350142e+00
4.490091383692124793e+00,2.196789297658862772e+00
4.500713210702341094e+00,2.191923597446592265e+00
4.507868038912449471e+00,2.188478260869564984e+00
4.523250635451504742e+00,2.181439791723711608e+00
4.525898568971980396e+00,2.180167224080267641e+00
4.543958865825807436e+00,2.171856187290969853e+00
4.545788060200669278e+00,2.171046804563419919e+00
4.561938904579505127e+00,2.163545150501672509e+00
4.568325484949832926e+00,2.160723614332302756e+00
4.580172440282946233e+00,2.155234113712374722e+00
4.590862909698996575e+00,2.150520123523868676e+00
4.598646792826698082e+00,2.146923076923076934e+00
4.613400334448160223e+00,2.140431953987588898e+00
4.617350480513128019e+00,2.138612040133779146e+00
4.635937759197323871e+00,2.130454992570453676e+00
4.636273107478221966e+00,2.130301003344481359e+00
4.655011367015696067e+00,2.121989966555184015e+00
4.658475183946488407e+00,2.120523716958740756e+00
4.673939298661577091e+00,2.113678929765886672e+00
4.681012608695652055e+00,2.110693729875232183e+00
4.693090575730133551e+00,2.105367892976588884e+00
4.703550033444816592e+00,2.100968208555941796e+00
4.712456478702375051e+00,2.097056856187291096e+00
4.726087458193980240e+00,2.091343798298110901e+00
4.732029175725873671e+00,2.088745819397993309e+00
4.748624882943143888e+00,2.081817348716648919e+00
4.751801653387473401e+00,2.080434782608695521e+00
4.771162307692307536e+00,2.072385901915930528e+00
4.771767656346023401e+00,2.072123745819397733e+00
4.791696104190288352e+00,2.063812709030100390e+00
4.793699732441471184e+00,2.063012052511897565e+00
4.811756895225845376e+00,2.055501672240803046e+00
4.816237157190634832e+00,2.053719824947628503e+00
4.832021795402905440e+00,2.047190635451505258e+00
4.838774581939799369e+00,2.044518500519286075e+00
4.852486063336339583e+00,2.038879598662207471e+00
4.861312006688963017e+00,2.035405702146225071e+00
4.873145646940643338e+00,2.030568561872909683e+00
4.883849431438126665e+00,2.026379208260463027e+00
4.893997150319883360e+00,2.022257525083611895e+00
4.906386856187291201e+00,2.017436945365830514e+00
4.915037806464896519e+00,2.013946488294314108e+00
4.928924280936454849e+00,2.008576981245342452e+00
4.936265455337668584e+00,2.005635451505016320e+00
4.951461705685618497e+00,1.999797518771547100e+00
4.957678527010858538e+00,1.997324414715718977e+00
4.973999130434782145e+00,1.991096890279513865e+00
4.979276029610396392e+00,1.989013377926421189e+00
4.996536555183946682e+00,1.982473552466521571e+00
5.001057541882878432e+00,1.980702341137123845e+00
5.019073979933109442e+00,1.973926081786596676e+00
5.023023210278985573e+00,1.972391304347825836e+00
5.041611404682273978e+00,1.965453170311731723e+00
5.045173750511158239e+00,1.964080267558528714e+00
5.064148829431438514e+00,1.957053622035068052e+00
5.067510453609709309e+00,1.955769230769230926e+00
5.086686254180602162e+00,1.948726349594477325e+00
5.090035196568127418e+00,1.947458193979933139e+00
5.109223678929765811e+00,1.940470371397955418e+00
5.112750457737098131e+00,1.939147157190635351e+00
5.131761103678928571e+00,1.932284809135006887e+00
5.135659337199351526e+00,1.930836120401337785e+00
5.154298528428093107e+00,1.924168885660852535e+00
5.158765582435687946e+00,1.922525083612040220e+00
5.176835953177257643e+00,1.916121923242775749e+00
5.182073619678423171e+00,1.914214046822742432e+00
5.199373377926421291e+00,1.908143342160386169e+00
5.205588591444359814e+00,1.905903010033444867e+00
5.221910802675585828e+00,1.900232659653886991e+00
5.229316400847748625e+00,1.897591973244147523e+00
5.244448227424749476e+00,1.892389489216787180e+00
5.253263763417898247e+00,1.889280936454849513e+00
5.266985652173913124e+00,1.884613540231776962e+00
5.277438267289669582e+00,1.880969899665551726e+00
5.289523076923076772e+00,1.876904617950791554e+00
5.301848442802674199e+00,1.872658862876254382e+00
5.312060501672240420e+00,1.869262623822640634e+00
5.326503842742176253e+00,1.864347826086956594e+00
5.334597926421404068e+00,1.861687556173970748e+00
5.351415134688052966e+00,1.856036789297658807e+00
5.357135351170568605e+00,1.854179511251821566e+00
5.376594207216426113e+00,1.847725752508361019e+00
5.379672775919732253e+00,1.846738684638637773e+00
5.402054292031875704e+00,1.839414715719063675e+00
5.402210200668896789e+00,1.839365373053345687e+00
5.424747625418060437e+00,1.832013357628514028e+00
5.427480162219899817e+00,1.831103678929765888e+00
5.447285050167224085e+00,1.824723404197706067e+00
5.453165971302770920e+00,1.822792642140468322e+00
5.469822474916387733e+00,1.817498396403040672e+00
5.479144048447569304e+00,1.814481605351170534e+00
5.492359899665551382e+00,1.810338928325891716e+00
5.505431659985256410e+00,1.806170568561872969e+00
5.514897324414715030e+00,1.803245698648855200e+00
5.532047972071569397e+00,1.797859531772575181e+00
5.537434749163879566e+00,1.796219514437225495e+00
5.559014282839132903e+00,1.789548494983277616e+00
5.559972173913043214e+00,1.789261295411382457e+00
5.582509598662207750e+00,1.782315237100349448e+00
5.585944259362055853e+00,1.781237458193980050e+00
5.605047023411371399e+00,1.775420499786606765e+00
5.613125323719184934e+00,1.772926421404682262e+00
5.627584448160535047e+00,1.768592472660343251e+00
5.640684248894242359e+00,1.764615384615384919e+00
5.650121872909698695e+00,1.761832376522353583e+00
5.668648928284561350e+00,1.756304347826087131e+00
5.672659297658862343e+00,1.755141558255962186e+00
5.695196722408026879e+00,1.748494573605950508e+00
5.696854758877562652e+00,1.747993311036789343e+00
5.717734147157190527e+00,1.741856101341927587e+00
5.725054197935876665e+00,1.739682274247491556e+00
5.740271571906355064e+00,1.735286499162138174e+00
5.753701712620266306e+00,1.731371237458193990e+00
5.762808996655518712e+00,1.728787436077074080e+00
5.782834472616337429e+00,1.723060200668896425e+00
5.785346421404682360e+00,1.722360728238875760e+00
5.807883846153846008e+00,1.715942864537252754e+00
5.812009467625228076e+00,1.714749163879598637e+00
5.830421270903009656e+00,1.709559682852905826e+00
5.841424964645235640e+00,1.706438127090301293e+00
5.852958695652173304e+00,1.703249279495357094e+00
5.871388305600868662e+00,1.698127090301003506e+00
5.875496120401337841e+00,1.697013836189243952e+00
5.898033545150501489e+00,1.690800887843399325e+00
5.901541083754373140e+00,1.689816053511705718e+00
5.920570969899666025e+00,1.684603366535389668e+00
5.931841655011801606e+00,1.681505016722407930e+00
5.943108394648829673e+00,1.678481873938634239e+00
5.962771093119370924e+00,1.673193979933110365e+00
5.965645819397993321e+00,1.672439000370378626e+00
5.988183244147156969e+00,1.666392139214875279e+00
5.993745445803915217e+00,1.664882943143812799e+00
6.010720668896320618e+00,1.660382738405653313e+00
6.025088519350797256e+00,1.656571906354515011e+00
6.033258093645484266e+00,1.654453702492550304e+00
6.055795518394648802e+00,1.648589353045140538e+00
6.057024636520595529e+00,1.648260869565217446e+00
6.078332943143811562e+00,1.642691235375447034e+00
6.088835222153250015e+00,1.639949832775919880e+00
6.100870367892976986e+00,1.636875682347839422e+00
6.121431738519936161e+00,1.631638795986622092e+00
6.123407792642140635e+00,1.631146036315639369e+00
6.145945217391304283e+00,1.625386204385062650e+00
6.153975121414502425e+00,1.623327759197324305e+00
6.168482642140467931e+00,1.619684795138768507e+00
6.187163734654444802e+00,1.615016722408026961e+00
6.191020066889631579e+00,1.614072273756547382e+00
6.213557491638796115e+00,1.608450125214040849e+00
6.220501608947317962e+00,1.606705685618729174e+00
6.236094916387959763e+00,1.602864517376186182e+00
6.254368328312057912e+00,1.598394648829431386e+00
6.258632341137124300e+00,1.597371305530699059e+00
6.281169765886287948e+00,1.591868811097077785e+00
6.288437341959026483e+00,1.590083612040133820e+00
6.303707190635451596e+00,1.586401662059616635e+00
6.323084092472427642e+00,1.581772575250836255e+00
6.326244615384615244e+00,1.581030985144753043e+00
6.348782040133778892e+00,1.575631177586983345e+00
6.357835623913135947e+00,1.573461538461538467e+00
6.371319464882942540e+00,1.570286169142234289e+00
6.393384226734528220e+00,1.565150501672240679e+00
6.393856889632107077e+00,1.565042328939673766e+00
6.416394314381270725e+00,1.559729079233997062e+00
6.428783521205508222e+00,1.556839464882943336e+00
6.438931739130435261e+00,1.554510964324220756e+00
6.461469163879598909e+00,1.549349406922940542e+00
6.464985408154265478e+00,1.548528428093645548e+00
6.484006588628762557e+00,1.544157209031273403e+00
6.501407052907481443e+00,1.540217391304347760e+00
6.506544013377926206e+00,1.539071882019422466e+00
6.529081438127089854e+00,1.533971725115393703e+00
6.538202995089115177e+00,1.531906354515050195e+00
6.551618862876253502e+00,1.528913058090943133e+00
6.574156287625418926e+00,1.523945961059399945e+00
6.575706273892468090e+00,1.523595317725752851e+00
6.596693712374582574e+00,1.518914465865259800e+00
6.613271814108149016e+00,1.515284280936454842e+00
6.619231137123746223e+00,1.513996935423768120e+00
6.641768561872909871e+00,1.509068356236428210e+00
6.651354884229901288e+00,1.506973244147157054e+00
6.664305986622073519e+00,1.504179440783301569e+00
6.686843411371237167e+00,1.499367629606992436e+00
6.690080194683362791e+00,1.498662207357859488e+00
6.709380836120400815e+00,1.494508152959332481e+00
6.729130646870894239e+00,1.490351170568561923e+00
6.731918260869565351e+00,1.489771337676112362e+00
6.754455685618729888e+00,1.484976651431619166e+00
6.768461516555627888e+00,1.482040133779264135e+00
6.776993110367893536e+00,1.480271471838607189e+00
6.799530535117057184e+00,1.475579061128724501e+00
6.808395973691917291e+00,1.473729096989966347e+00
6.822067959866220832e+00,1.470906664740868397e+00
6.844605384615384480e+00,1.466310009839509876e+00
6.848903677552025115e+00,1.465418060200669004e+00
6.867142809364548128e+00,1.461671632625576311e+00
6.889680234113711776e+00,1.457164590489099298e+00
6.889959422803825895e+00,1.457107023411371216e+00
6.912217658862877201e+00,1.452561558819466692e+00
6.931193819835396397e+00,1.448795986622073650e+00
6.934755083612039961e+00,1.448095577249717048e+00
6.957292508361204497e+00,1.443572060988128403e+00
6.972968755671583807e+00,1.440484949832775863e+00
6.979829933110368145e+00,1.439145016360881213e+00
7.002367357859531793e+00,1.434699162253032956e+00
7.015299354159855838e+00,1.432173913043478297e+00
7.024904782608695442e+00,1.430312760493952062e+00
7.047442207357859090e+00,1.425939265783919385e+00
7.058174643320095143e+00,1.423862876254180510e+00
7.069979632107023626e+00,1.421595320964113895e+00
7.092517056856187274e+00,1.417289132536261542e+00
7.101587884029030739e+00,1.415551839464882722e+00
7.115054481605351810e+00,1.412989572498934088e+00
7.137591906354515459e+00,1.408745861852924053e+00
7.145536455964997202e+00,1.407240802675585378e+00
7.160129331103679107e+00,1.404492734610336191e+00
7.182666755852842755e+00,1.400306874692478498e+00
7.190021823870878848e+00,1.398929765886287591e+00
7.205204180602006403e+00,1.396102355639419645e+00
7.227741605351170051e+00,1.391969899285141921e+00
7.235049583183538857e+00,1.390618729096990025e+00
7.250279030100334587e+00,1.387816299285532962e+00
7.272816454849498236e+00,1.383732959051753753e+00
7.280629586972377609e+00,1.382307692307692459e+00
7.295353879598661884e+00,1.379632733466281902e+00
7.317891304347826420e+00,1.375594362652488023e+00
7.326776159148284506e+00,1.373996655518394672e+00
7.340428729096990068e+00,1.371550121387373977e+00
7.362966153846153716e+00,1.367552696060753137e+00
7.373508402229622227e+00,1.365685618729096884e+00
7.385503578595317364e+00,1.363567214731262744e+00
7.408041003344482789e+00,1.359606816584596922e+00
7.420850611793637697e+00,1.357374581939799318e+00
7.430578428093645549e+00,1.355683048901929144e+00
7.453115852842808309e+00,1.351755848783529945e+00
7.468832814357527106e+00,1.349063545150501753e+00
7.475653277591972845e+00,1.347896940290610912e+00
7.498190702341138270e+00,1.343999182253456715e+00
7.517491451154006299e+00,1.340752508361203965e+00
7.520728127090301030e+00,1.340208485554325923e+00
7.543265551839464678e+00,1.336336471276996063e+00
7.565802976588629214e+00,1.332605886041988263e+00
7.566768080660096985e+00,1.332441471571906400e+00
7.588340401337791974e+00,1.328767636361289028e+00
7.610877826086955622e+00,1.325057906809313124e+00
7.616431238497735734e+00,1.324130434782608834e+00
7.633415250836119270e+00,1.321292867711086894e+00
7.655952675585284695e+00,1.317600563216280607e+00
7.666843816113077636e+00,1.315819397993311046e+00
7.678490100334448343e+00,1.313912630711951746e+00
7.701027525083611991e+00,1.310234330220204191e+00
7.718069338912682653e+00,1.307508361204013259e+00
7.723564949832775639e+00,1.306627673527493760e+00
7.746102374581941064e+00,1.302959951108053183e+00
7.768639799331103823e+00,1.299422609835240827e+00
7.770036155617349394e+00,1.299197324414715693e+00
7.791177224080266583e+00,1.295778446989287236e+00
7.813714648829431120e+00,1.292247823893323710e+00
7.822358775166481593e+00,1.290886287625418127e+00
7.836252073578595656e+00,1.288691128556608056e+00
7.858789498327759304e+00,1.285163925891741332e+00
7.875646943312033521e+00,1.282575250836120340e+00
7.881326923076922952e+00,1.281699610313204563e+00
7.903864347826086600e+00,1.278172481635029722e+00
7.926401772575251137e+00,1.274768296961306779e+00
7.929666624619789772e+00,1.274264214046822996e+00
7.948939197324414785e+00,1.271275361970106488e+00
7.971476622073578433e+00,1.267867973896238398e+00
7.984223623369600453e+00,1.265953177257525208e+00
7.994014046822742081e+00,1.264474761733643815e+00
8.016551471571906617e+00,1.261060858196179080e+00
8.039088896321070266e+00,1.257764031602879973e+00
8.039897928983233300e+00,1.257642140468227421e+00
8.061626321070233914e+00,1.254349397274592270e+00
8.084163745819399338e+00,1.251043115559945962e+00
8.095869680420701542e+00,1.249331103678929855e+00
8.106701170568562986e+00,1.247736392202648315e+00
8.129238595317726634e+00,1.244417317339725271e+00
8.151776020066890283e+00,1.241210467642086979e+00
8.153077092963480155e+00,1.241020066889632067e+00
8.174313444816053931e+00,1.237889696121353023e+00
8.196850869565217579e+00,1.234667368661961584e+00
8.210671110427796293e+00,1.232709030100334502e+00
8.219388294314381227e+00,1.231463704973959850e+00
8.241925719063544875e+00,1.228222476943289898e+00
8.264463143812708523e+00,1.225089529675686073e+00
8.269351846705795595e+00,1.224397993311036714e+00
8.287000568561872171e+00,1.221879518627792871e+00
8.309537993311035819e+00,1.218725168443458795e+00
8.328853869835635138e+00,1.216086956521739149e+00
8.332075418060199468e+00,1.215642666269049155e+00
8.354612842809364892e+00,1.212463345561632266e+00
8.377150267558528540e+00,1.209389187977357505e+00
8.389010697663882965e+00,1.207775919732441583e+00
8.399687692307692188e+00,1.206308531819867635e+00
8.422225117056855836e+00,1.203207017145837110e+00
8.444762541806021261e+00,1.200206844343489898e+00
8.450248268611815661e+00,1.199464882943143795e+00
8.467299966555184909e+00,1.197133063611743431e+00
8.489837391304348557e+00,1.194103230760118040e+00
8.512374816053512205e+00,1.191171258336597871e+00
8.512504478436536459e+00,1.191153846153846230e+00
8.534912240802675854e+00,1.188109346431853952e+00
8.557449665551839502e+00,1.185145475381463198e+00
8.575302509670121864e+00,1.182842809364548442e+00
8.579987090301003150e+00,1.182230861888876605e+00
8.602524515050166798e+00,1.179231239283968113e+00
8.625061939799330446e+00,1.176327967694753562e+00
8.639124236804557100e+00,1.174531772575250876e+00
8.647599364548494094e+00,1.173434590245868936e+00
8.670136789297657742e+00,1.170493315955766445e+00
8.692674214046824943e+00,1.167645597451700157e+00
8.703955608171114022e+00,1.166220735785953089e+00
8.715211638795986815e+00,1.164778770709116840e+00
8.737749063545150463e+00,1.161890814502384295e+00
8.760286488294314111e+00,1.159093881027267958e+00
8.769782842988263383e+00,1.157909698996655523e+00
8.782823913043479536e+00,1.156259000556456362e+00
8.805361337792643184e+00,1.153419594687133731e+00
8.827898762541806832e+00,1.150668922312217513e+00
8.836605251201948619e+00,1.149598662207357957e+00
8.850436187290970480e+00,1.147871497080883429e+00
8.872973612040134128e+00,1.145076102600794954e+00
8.895511036789297776e+00,1.142367380242833130e+00
8.904435303261690748e+00,1.141287625418060170e+00
8.918048461538461424e+00,1.139613066087237225e+00
8.940585886287625073e+00,1.136857341837201663e+00
8.963123311036788721e+00,1.134186442410222373e+00
8.973299144618200884e+00,1.132976588628762604e+00
8.985660735785952369e+00,1.131481076927058682e+00
9.008198160535116017e+00,1.128760850740622157e+00
9.030735585284283218e+00,1.126123804316617738e+00
9.043237590482551269e+00,1.124665551839464817e+00
9.053273010033445090e+00,1.123473443664731786e+00
9.075810434782608738e+00,1.120784685364317301e+00
9.098347859531772386e+00,1.118177653959073536e+00
9.114307668669955120e+00,1.116354515050167251e+00
9.120885284280937810e+00,1.115588612092854426e+00
9.143422709030101458e+00,1.112927407893754106e+00
9.165960133779265107e+00,1.110346661525451806e+00
9.186584818071031222e+00,1.108043478260869463e+00
9.188497558528428755e+00,1.107825552432293748e+00
9.211034983277592403e+00,1.105188080395935746e+00
9.233572408026756051e+00,1.102629974086963838e+00
9.256109832775919699e+00,1.100147722086172841e+00
9.259798704416827064e+00,1.099732441471571898e+00
9.278647257525083347e+00,1.097566263861582625e+00
9.301184682274246995e+00,1.095027215268871146e+00
9.323722107023410643e+00,1.092563154938594350e+00
9.334131293063180124e+00,1.091421404682274332e+00
9.346259531772574292e+00,1.090062022612902082e+00
9.368796956521737940e+00,1.087538489979337886e+00
9.391334381270901588e+00,1.085089237243006766e+00
9.409889421718208524e+00,1.083110367892976544e+00
9.413871806020067012e+00,1.082675934259810679e+00
9.436409230769230660e+00,1.080164394379037551e+00
9.458946655518396085e+00,1.077726581382517868e+00
9.481484080267559733e+00,1.075359312000494505e+00
9.486721485141034194e+00,1.074799331103678979e+00
9.504021505016723381e+00,1.072906031384372127e+00
9.526558929765887029e+00,1.070476285437841124e+00
9.549096354515050677e+00,1.068116707818680844e+00
9.564818706693825945e+00,1.066488294314381191e+00
9.571633779264214326e+00,1.065765032118920264e+00
9.594171204013377974e+00,1.063339954023572842e+00
9.616708628762541622e+00,1.060984814684302169e+00
9.639246053511705270e+00,1.058696646682240949e+00
9.644268004490125890e+00,1.058177257525083625e+00
9.661783478260868918e+00,1.056319725291683165e+00
9.684320903010032566e+00,1.053965723153086120e+00
9.706858327759196214e+00,1.051678615296095520e+00
9.725022753296119760e+00,1.049866220735786060e+00
9.729395752508361639e+00,1.049418304779869082e+00
9.751933177257525287e+00,1.047062068542277347e+00
9.774470602006688935e+00,1.044772791214313434e+00
9.797008026755852583e+00,1.042547672745068876e+00
9.807009230124668520e+00,1.041555183946488272e+00
9.819545451505018008e+00,1.040277070841494123e+00
9.842082876254181656e+00,1.037982303958279173e+00
9.864620301003345304e+00,1.035751895243401055e+00
9.887157725752508952e+00,1.033583188258453633e+00
9.890600857026354831e+00,1.033244147157190707e+00
9.909695150501672600e+00,1.031310891041912203e+00
9.932232575250836248e+00,1.029071899371395649e+00
9.954769999999999897e+00,1.026894933403129651e+00
