Depth,Width,Final_Loss,c(k=0.33),c(k=0.41),c(k=0.49),c(k=0.57),c(k=0.65),c(k=0.73),c(k=0.80),c(k=0.88),c(k=0.96),c(k=1.04),c(k=1.12),c(k=1.20)
3,20,0.0001583733392180875,4873.9853515625,3939.896484375,3237.85205078125,2710.9423828125,2314.9384765625,2017.4481201171875,1793.915283203125,1625.948974609375,1499.719482421875,1404.7332763671875,1333.1265869140625,1279.2249755859375
3,30,0.0002969853230752051,4875.771484375,3941.169677734375,3239.269287109375,2712.57861328125,2316.358642578125,2018.459716796875,1794.83251953125,1626.6568603515625,1500.2490234375,1405.075439453125,1333.40478515625,1279.554443359375
3,40,0.0018254754832014441,4876.74658203125,3942.182861328125,3240.2509765625,2712.597900390625,2316.203857421875,2018.30517578125,1794.529296875,1626.426513671875,1500.0755615234375,1404.9407958984375,1333.2490234375,1279.2894287109375
5,20,0.0003079910820815712,4874.146484375,3940.644287109375,3238.66845703125,2711.60546875,2315.57080078125,2017.99658203125,1794.340576171875,1626.2969970703125,1499.9859619140625,1404.8824462890625,1333.2576904296875,1279.337890625
5,30,0.0001300169387832284,4876.77880859375,3942.5048828125,3241.2470703125,2713.548828125,2316.94189453125,2018.95703125,1795.05029296875,1626.82080078125,1500.3787841796875,1405.1678466796875,1333.47607421875,1279.5079345703125
5,40,0.00023741478798910975,4875.54296875,3941.8095703125,3239.587158203125,2712.166015625,2316.37353515625,2018.4390869140625,1794.8206787109375,1626.6451416015625,1500.25244140625,1405.1375732421875,1333.449462890625,1279.4666748046875
7,20,5.412770769908093e-05,4876.70703125,3942.483154296875,3240.3115234375,2712.84326171875,2316.45458984375,2018.614501953125,1794.8056640625,1626.6373291015625,1500.2452392578125,1405.0810546875,1333.5181884765625,1279.6636962890625
7,30,0.00013853628479409963,4875.25,3941.033447265625,3239.54736328125,2712.9521484375,2316.388427734375,2018.519287109375,1794.69677734375,1626.55859375,1500.1800537109375,1405.025146484375,1333.371826171875,1279.4222412109375
7,40,6.75474148010835e-05,4876.1826171875,3942.43115234375,3240.46923828125,2712.91845703125,2316.529296875,2018.61767578125,1794.82275390625,1626.645751953125,1500.2491455078125,1405.0791015625,1333.4422607421875,1279.47705078125
